location,elapsed,29Hz,58Hz,116Hz,120Hz,174Hz,232Hz,240Hz,peak1_freq,peak1_level,peak2_freq,peak2_level,peak3_freq,peak3_level,peak4_freq,peak4_level,peak5_freq,peak5_level
elec room,1.1920928955078125e-06,4.389214018549968,38.42246902257628,5.857517887024128,120.01856453658515,1.8662224318805787,2.3224838045870393,149.71463752387595,240.234375,149.71463752387595,120.1171875,120.01856453658515,58.59375,38.42246902257628,38.0859375,22.568850113339806,95.21484375,21.180635205356115
elec room,1.0063543319702148,4.208650915823836,35.567815471738044,4.334738316743441,120.32681326364752,3.0266902063513563,2.5285611904435976,150.796733836987,240.234375,150.796733836987,120.1171875,120.32681326364752,58.59375,35.567815471738044,104.00390625,27.269405139851756,98.14453125,16.36203059352077
elec room,2.010956048965454,4.743829560322642,40.17716440414853,10.296314054901657,127.30891838238843,1.7478562168771519,3.3381006002092692,121.2454938555812,120.1171875,127.30891838238843,240.234375,121.2454938555812,58.59375,40.17716440414853,38.0859375,27.32120199361902,360.3515625,21.25478528507639
elec room,3.007500171661377,1.7308325766534658,30.384242145998172,5.850208462720199,125.32893535414489,2.971726570349511,0.7342580854464091,91.52723276403158,120.1171875,125.32893535414489,240.234375,91.52723276403158,58.59375,30.384242145998172,102.5390625,22.585728917726627,360.3515625,21.70585596708231
elec room,4.010778188705444,5.4776066849318585,49.17310456205772,8.508882117096254,128.3050180666999,2.4221097640754543,1.0259543607288715,94.77083122530891,120.1171875,128.3050180666999,240.234375,94.77083122530891,58.59375,49.17310456205772,38.0859375,36.38925369844471,360.3515625,22.24980047966125
elec room,5.017314195632935,5.53975705877531,28.95585868309649,4.3649964706384115,124.52277674647792,2.5451703819888856,3.011649993297482,89.38208478928068,120.1171875,124.52277674647792,240.234375,89.38208478928068,58.59375,28.95585868309649,39.55078125,26.66642241917326,102.5390625,20.60862121369443
elec room,6.002636194229126,8.144895818747512,50.63849564737847,8.98097691893583,128.71693560709573,4.433680597935225,1.9436779449567987,92.8646278278765,120.1171875,128.71693560709573,240.234375,92.8646278278765,58.59375,50.63849564737847,38.0859375,41.04606217370489,102.5390625,20.388760708291066
elec room,7.007613182067871,6.8279871128009795,26.553567981360437,9.14551251802559,133.36771853066003,4.791827413348717,1.7610377831910027,96.3471587158429,120.1171875,133.36771853066003,240.234375,96.3471587158429,58.59375,26.553567981360437,38.0859375,24.180146746844002,360.3515625,15.941904335246802
elec room,8.00759220123291,7.908126576465253,19.435010035117777,5.473136940908209,143.26210924227382,3.8390760095118623,2.023962664352882,102.64990716314288,120.1171875,143.26210924227382,240.234375,102.64990716314288,38.0859375,21.117643030033644,58.59375,19.435010035117777,360.3515625,18.527391723772553
elec room,9.008962154388428,3.333934519887699,30.47714212676751,7.215419010900309,135.39184078969072,3.3007306153115414,3.8180845633619493,108.74273854712908,120.1171875,135.39184078969072,240.234375,108.74273854712908,58.59375,30.47714212676751,38.0859375,23.75098987339179,360.3515625,18.41998657152633
elec room,10.017911195755005,3.7735375396025392,21.591519400382886,12.746829819774447,161.00864253248722,2.593540798809046,1.406994185253643,102.07899771906527,120.1171875,161.00864253248722,240.234375,102.07899771906527,102.5390625,24.74458174204675,57.12890625,21.591519400382886,360.3515625,20.72057571588648
elec room,11.009040117263794,3.9644849516728313,27.82892125700022,7.008979421350935,134.69031107489704,2.872178130463688,1.242230582973239,104.37830540630605,120.1171875,134.69031107489704,240.234375,104.37830540630605,58.59375,27.82892125700022,360.3515625,24.0420172491947,102.5390625,22.503491569838367
elec room,12.002366304397583,7.1129569077654855,24.048270361743608,14.78004069144703,130.00296143956675,2.350047900027276,1.6188744856645658,165.14621837746463,240.234375,165.14621837746463,120.1171875,130.00296143956675,360.3515625,33.489529969472535,102.5390625,24.15227494665958,57.12890625,24.048270361743608
elec room,13.011153221130371,5.0605081555521325,34.366876293803315,9.340989294428255,118.49681518921332,4.284848567057815,1.1613294455268697,219.72051313391984,240.234375,219.72051313391984,120.1171875,118.49681518921332,360.3515625,36.475100355046045,38.0859375,34.39954836628613,58.59375,34.366876293803315
elec room,14.016142129898071,2.856180616712968,38.618484496913105,1.9773998113023545,113.53879846913239,3.6311062058722294,2.93911050800944,162.55686366238245,240.234375,162.55686366238245,120.1171875,113.53879846913239,58.59375,38.618484496913105,360.3515625,35.6408230818947,39.55078125,26.47113669457784
elec room,15.019394159317017,1.5039735520339004,34.2372129071408,5.97275248848074,108.92965995138803,2.8058710242964353,2.5190835627223267,111.87813303657141,240.234375,111.87813303657141,120.1171875,108.92965995138803,57.12890625,34.2372129071408,360.3515625,30.93527885866893,39.55078125,24.376955884331377
elec room,16.014702081680298,2.753229820168041,25.35911311799541,6.916348391985059,115.55860776673782,5.118488975032349,2.2274519960263923,113.74744569111027,120.1171875,115.55860776673782,240.234375,113.74744569111027,360.3515625,27.778451794535478,38.0859375,26.675556508609503,58.59375,25.35911311799541
elec room,17.014389991760254,2.342776594317984,40.66245463424246,7.388808651778823,112.93968927252925,5.771745623695201,1.4607328148454626,108.1525211897648,120.1171875,112.93968927252925,240.234375,108.1525211897648,58.59375,40.66245463424246,360.3515625,24.369855566446883,38.0859375,22.891068749505
elec room,18.02424120903015,6.2742556229288615,32.18769010130452,7.56463259403717,122.34487111320837,3.159764028661437,2.228089894165662,99.49315118878154,120.1171875,122.34487111320837,240.234375,99.49315118878154,58.59375,32.18769010130452,360.3515625,24.543739131520987,39.55078125,24.504692059225174
elec room,19.007861137390137,6.831381582918048,24.747399486457308,7.174974371291872,120.59552269105063,3.4797485840392524,2.0162456452823863,95.63800599874841,120.1171875,120.59552269105063,240.234375,95.63800599874841,360.3515625,26.143322207840534,58.59375,24.747399486457308,38.0859375,23.892869878667057
elec room,20.01922607421875,2.5260687220580786,32.753772923989644,3.9848593299395088,131.6381420316554,2.14065058088583,3.379519371407078,98.58489743670377,120.1171875,131.6381420316554,240.234375,98.58489743670377,58.59375,32.753772923989644,360.3515625,27.474133955183976,38.0859375,25.73150857929089
elec room,21.004074096679688,8.06499917246355,17.176613392626685,12.63773067512335,141.62429446035537,4.231563366064377,1.7746927307895788,101.10839984892831,120.1171875,141.62429446035537,240.234375,101.10839984892831,360.3515625,25.30974111569228,102.5390625,21.24998073838952,57.12890625,17.176613392626685
elec room,22.01657009124756,7.299816545320402,16.158808879891026,9.556939972979187,124.9085311811874,2.9895138100987575,2.5999749401029253,107.99637947919099,120.1171875,124.9085311811874,240.234375,107.99637947919099,360.3515625,22.526242512604746,49.8046875,17.77244278081278,80.56640625,17.086906830412524
elec room,23.01047134399414,3.0514667199366428,30.068062107795637,14.572763100124847,133.07637395478207,2.744647024322316,0.783969035017705,105.0965475184413,120.1171875,133.07637395478207,240.234375,105.0965475184413,58.59375,30.068062107795637,102.5390625,27.200966336734467,360.3515625,23.56818762711774
elec room,24.00566816329956,3.9414705710922058,37.3511056277587,6.95010745271272,125.98899913214312,2.8761153506767285,2.3537966061981486,110.26223785503272,120.1171875,125.98899913214312,240.234375,110.26223785503272,58.59375,37.3511056277587,38.0859375,35.90377935717372,360.3515625,22.975220915311425
elec room,25.0207622051239,4.682705445583756,30.212516216598846,7.950978954441365,116.20180645774394,4.023923237503677,2.900593168053144,112.94425610866884,120.1171875,116.20180645774394,240.234375,112.94425610866884,57.12890625,30.212516216598846,360.3515625,25.852258492624422,102.5390625,25.754437522816858
elec room,26.010147094726562,2.6310319915496128,39.23723591374536,6.118633717942635,118.67057681024518,1.7454781544327058,0.9349339539950919,106.68756363920951,120.1171875,118.67057681024518,240.234375,106.68756363920951,58.59375,39.23723591374536,360.3515625,24.81773078993644,38.0859375,24.751790159897375
elec room,27.020212411880493,2.11213752624141,44.82719774497775,6.896475342438153,128.88869325886026,2.6985869364935624,2.538413237494812,103.60322448753286,120.1171875,128.88869325886026,240.234375,103.60322448753286,58.59375,44.82719774497775,38.0859375,30.798919488285467,360.3515625,20.356212694741956
elec room,28.018381118774414,6.263493050761712,15.183529161736956,7.763266174359755,128.4151722366297,2.2001217845099723,1.5237824498341426,106.00767938194831,120.1171875,128.4151722366297,240.234375,106.00767938194831,360.3515625,23.77465512752655,43.9453125,18.799200958838135,58.59375,15.183529161736956
elec room,29.020704984664917,2.038884827275152,30.365589668906967,10.530385159816568,123.91843972473814,2.7959536907125004,1.121698782061291,105.55041798750489,120.1171875,123.91843972473814,240.234375,105.55041798750489,52.734375,31.72366892682045,58.59375,30.365589668906967,360.3515625,23.35406403543081
elec room,30.01454210281372,4.97009627672815,26.959478517701374,7.181968591694918,114.07251629226838,2.2290154978563472,2.5057810348931353,103.87498721640904,120.1171875,114.07251629226838,240.234375,103.87498721640904,58.59375,26.959478517701374,360.3515625,22.196397289387644,105.46875,17.21611581754142
elec room,31.010143280029297,4.8238640503072014,24.538473770935937,4.106090035954578,125.68076705507336,3.1863297336791216,1.2447597890159046,102.651178100906,120.1171875,125.68076705507336,240.234375,102.651178100906,104.00390625,30.94655113518958,38.0859375,27.22627933653708,360.3515625,26.147863391380422
elec room,32.00573015213013,1.9473992100947135,19.194583393034424,8.142348788602899,122.05377455124649,2.849908371197565,0.7825996762910962,76.88769952800281,120.1171875,122.05377455124649,240.234375,76.88769952800281,360.3515625,26.28977995781203,104.00390625,19.342094187467133,58.59375,19.194583393034424
elec room,33.00916814804077,2.0167659850511783,24.582012736022673,6.750863333049344,132.70726090823223,1.4620657865056903,2.607907483823875,112.88314132303404,120.1171875,132.70726090823223,240.234375,112.88314132303404,58.59375,24.582012736022673,102.5390625,20.292090313958195,38.0859375,17.843270646338375
elec room,34.01115703582764,5.500373288307946,25.495144433316028,11.981645840794055,121.07868540312187,4.339383053854138,1.7666252289945465,102.38638390255689,120.1171875,121.07868540312187,240.234375,102.38638390255689,38.0859375,28.88231654854905,58.59375,25.495144433316028,104.00390625,19.78247595710613
elec room,35.007254123687744,2.751023971148432,39.54415636689867,7.729772879119824,133.29527895790648,3.566425013409874,1.4994937214295534,107.49857347190947,120.1171875,133.29527895790648,240.234375,107.49857347190947,58.59375,39.54415636689867,38.0859375,20.23662909554735,360.3515625,15.015810885484573
elec room,36.00798726081848,1.4486255591848618,38.745932976517764,6.293267142116227,126.92142924387508,3.848003275396318,2.1438515104966807,87.49470063504796,120.1171875,126.92142924387508,240.234375,87.49470063504796,57.12890625,38.745932976517764,38.0859375,28.76484216567673,102.5390625,24.32540209033078
elec room,37.01115798950195,5.717484713625291,30.94450276945487,8.503310305093654,124.81404606188508,4.397846213805485,1.584941886789199,88.33345138389002,120.1171875,124.81404606188508,240.234375,88.33345138389002,58.59375,30.94450276945487,102.5390625,19.401747068562997,39.55078125,13.841042561920487
elec room,38.01274633407593,3.678002523939739,24.91156382518623,7.955158804085964,129.8352769517014,3.476218609685629,2.1437469715496262,89.7893117661874,120.1171875,129.8352769517014,240.234375,89.7893117661874,102.5390625,25.77633265880189,58.59375,24.91156382518623,39.55078125,21.4642338085527
elec room,39.02133297920227,3.5974026867274675,22.883832413712017,8.189492961986002,127.30937625447909,2.8481365322159147,2.405328086471152,90.90429263469007,120.1171875,127.30937625447909,240.234375,90.90429263469007,52.734375,26.08949526630398,58.59375,22.883832413712017,102.5390625,18.812885140911398
elec room,40.004348278045654,3.472438130248727,31.06944118241539,4.8794732370419736,138.83868184773732,3.7243773859250027,1.2401645097880536,73.51513958404647,120.1171875,138.83868184773732,240.234375,73.51513958404647,58.59375,31.06944118241539,39.55078125,23.730899719724295,102.5390625,19.741945313213698
elec room,41.00846719741821,2.938953829576062,39.5602955195669,7.88603860171193,123.9412683915771,3.253091659296081,2.9404077359732574,85.81738920044859,120.1171875,123.9412683915771,240.234375,85.81738920044859,58.59375,39.5602955195669,102.5390625,32.00135728703957,360.3515625,27.089015277797678
elec room,42.01136302947998,4.700375403788112,16.026687846009946,7.920287711080743,125.29526678131042,4.475204743536597,1.3603684314500935,135.42429178705768,240.234375,135.42429178705768,120.1171875,125.29526678131042,38.0859375,20.958664369500813,57.12890625,16.026687846009946,102.5390625,13.951838361587553
elec room,43.02448010444641,4.0748161678410835,20.15338041646786,6.862612849581963,120.19745269915572,3.830786479068854,2.9093141013050436,114.01367520615692,120.1171875,120.19745269915572,240.234375,114.01367520615692,39.55078125,23.304070853381802,360.3515625,23.099481969354848,58.59375,20.15338041646786
elec room,44.01671504974365,6.6191844420208055,27.182419564005198,6.847929537671983,119.13289355464124,2.2911612970036797,1.441548226982418,123.49338155528797,240.234375,123.49338155528797,120.1171875,119.13289355464124,58.59375,27.182419564005198,360.3515625,20.740204747437307,111.328125,14.174992754708306
elec room,45.00939702987671,2.074776146589736,30.73132823462491,13.2535296612112,125.56338652353918,3.59867692104233,4.141650686943925,125.11110228737753,120.1171875,125.56338652353918,240.234375,125.11110228737753,39.55078125,31.97690910340499,58.59375,30.73132823462491,360.3515625,18.341239741509767
elec room,46.00215220451355,2.2105921602501497,25.755159000277587,8.492951222894357,117.79891096242294,4.5509301428859334,1.1089924393765969,129.8826385117188,240.234375,129.8826385117188,120.1171875,117.79891096242294,58.59375,25.755159000277587,360.3515625,20.667619358895262,102.5390625,19.12515096580294
elec room,47.01397132873535,1.4819158563148938,24.68503622291543,13.346826356976173,118.456319723786,2.30925141051169,0.5270650304448006,125.55620727320681,240.234375,125.55620727320681,120.1171875,118.456319723786,38.0859375,29.81438206305576,57.12890625,24.68503622291543,93.75,22.676919838178712
elec room,48.006511211395264,3.384576922274826,33.31485533083135,7.988506296656587,100.37399674565489,4.524528119339824,1.0989549165532353,127.14587720830842,240.234375,127.14587720830842,120.1171875,100.37399674565489,58.59375,33.31485533083135,104.00390625,29.83200519101706,39.55078125,23.222337189782994
elec room,49.00012516975403,6.009186950620009,39.93023395335311,7.128301491471833,118.94528318725672,3.543302370070587,0.9842740131967936,128.17914077433295,240.234375,128.17914077433295,120.1171875,118.94528318725672,58.59375,39.93023395335311,39.55078125,26.25754584714434,360.3515625,20.541021728589275
elec room,50.0142719745636,0.8449989567935078,29.265178758061012,9.222770984856558,126.23656235345578,3.107228798695578,1.0444365836375142,128.7636371159763,240.234375,128.7636371159763,120.1171875,126.23656235345578,58.59375,29.265178758061012,360.3515625,20.00728883199454,39.55078125,16.22335699723259
elec room,51.00930309295654,4.112700060144144,31.271583277065094,5.631389947478851,128.31739847193793,5.134125419866052,2.3763351331917724,117.92786113570183,120.1171875,128.31739847193793,240.234375,117.92786113570183,58.59375,31.271583277065094,102.5390625,25.082319751998387,360.3515625,21.30153637244562
elec room,52.00959515571594,2.9308559228457898,29.257465968894298,7.886235944771526,133.1562018335478,3.2176423937479477,2.852850267885488,115.79290214947915,120.1171875,133.1562018335478,240.234375,115.79290214947915,58.59375,29.257465968894298,360.3515625,19.820697488493952,52.734375,19.386349187091156
elec room,53.014164209365845,3.7597402427076045,40.008262709831314,7.4509973373541785,135.21634453613046,1.1537693308481571,2.616279813466216,117.19995841274613,120.1171875,135.21634453613046,240.234375,117.19995841274613,58.59375,40.008262709831314,360.3515625,22.470354837079633,95.21484375,20.910347071795965
elec room,54.011855125427246,3.5269598176543124,33.853305257282436,8.626744693712793,119.39023306488019,3.4245975229460512,0.7923535130049194,115.2190661241767,120.1171875,119.39023306488019,240.234375,115.2190661241767,58.59375,33.853305257282436,102.5390625,22.879382004569326,360.3515625,21.61186193579794
elec room,55.02006816864014,4.266832389882603,18.180012010510595,9.029902548638676,138.32227320429973,2.4985964311255806,0.2229786253595382,111.16302358704604,120.1171875,138.32227320429973,240.234375,111.16302358704604,360.3515625,21.641062562725402,58.59375,18.180012010510595,104.00390625,17.80534277106792
elec room,56.00276231765747,2.750546320095254,27.095869960306807,6.2306031453551824,124.7305361211854,1.592526942940765,1.2664150463236263,117.7807687563932,120.1171875,124.7305361211854,240.234375,117.7807687563932,57.12890625,27.095869960306807,102.5390625,23.19091361690534,360.3515625,21.98796734582119
elec room,57.00202798843384,5.805447758118068,32.61008360181128,5.866585825129783,127.85616014973971,1.8373056304665618,1.7583927830322108,128.42782642820185,240.234375,128.42782642820185,120.1171875,127.85616014973971,58.59375,32.61008360181128,102.5390625,24.075680975934084,360.3515625,23.817504301417088
elec room,58.007631063461304,3.633862285238939,29.19706358624246,8.373507877036783,132.18706575325882,2.9897892171565443,1.9496708716095377,134.91443149792428,240.234375,134.91443149792428,120.1171875,132.18706575325882,58.59375,29.19706358624246,360.3515625,21.549032796561832,102.5390625,16.986466181092748
elec room,59.00509524345398,4.608603435569397,22.240149358438437,5.944428305648952,137.5729896571909,2.3927409303773906,1.4810583544061342,132.52457147377808,120.1171875,137.5729896571909,240.234375,132.52457147377808,360.3515625,25.13386634489133,102.5390625,24.56666415451212,58.59375,22.240149358438437
